what,kind,bundleId,bundleVersion,description,time
activated,view,org.eclipse.ui.console,3.5.100.v20111007_r372,"org.eclipse.ui.console.ConsoleView",1453196292521
activated,view,com.android.ide.eclipse.ddms,23.0.7.2120684,"com.android.ide.eclipse.ddms.views.LogCatView",1453196299874
activated,editor,org.eclipse.jdt.ui,3.7.2.v20120109-1427,"org.eclipse.jdt.ui.CompilationUnitEditor",1453196320546
activated,view,com.android.ide.eclipse.ddms,23.0.7.2120684,"com.android.ide.eclipse.ddms.views.LogCatView",1453196351401
activated,editor,org.eclipse.jdt.ui,3.7.2.v20120109-1427,"org.eclipse.jdt.ui.CompilationUnitEditor",1453196354439
executed,command,org.eclipse.ui,3.7.0.v20110928-1505,"org.eclipse.ui.file.save",1453196369551
started,bundle,org.eclipse.jdt.junit.core,3.7.0.v20110928-1453,"org.eclipse.jdt.junit.core",1453196432100
started,bundle,org.eclipse.jdt.junit,3.7.0.v20110928-1453,"org.eclipse.jdt.junit",1453196432108
started,bundle,org.eclipse.cdt.debug.core,7.1.0.201202111925,"org.eclipse.cdt.debug.core",1453196432191
started,bundle,org.eclipse.cdt.debug.ui,7.1.2.201202111925,"org.eclipse.cdt.debug.ui",1453196432196
started,bundle,org.eclipse.wst.server.core,1.1.304.v20120208_1420,"org.eclipse.wst.server.core",1453196432235
started,bundle,org.eclipse.wst.server.ui,1.3.0.v20120210_1439,"org.eclipse.wst.server.ui",1453196432251
started,bundle,org.eclipse.wst.common.frameworks,1.2.102.v201201190400,"org.eclipse.wst.common.frameworks",1453196432336
started,bundle,org.eclipse.emf.common,2.7.0.v20120127-1122,"org.eclipse.emf.common",1453196432345
started,bundle,org.eclipse.emf.ecore,2.7.0.v20120127-1122,"org.eclipse.emf.ecore",1453196432378
started,bundle,org.eclipse.wst.common.emf,1.2.100.v201101101900,"org.eclipse.wst.common.emf",1453196432382
started,bundle,org.eclipse.jem.util,2.1.100.v201103021400,"org.eclipse.jem.util",1453196432390
started,bundle,org.eclipse.emf.ecore.xmi,2.7.0.v20120127-1122,"org.eclipse.emf.ecore.xmi",1453196432394
started,bundle,org.eclipse.wst.common.emfworkbench.integration,1.2.101.v201107140600,"org.eclipse.wst.common.emfworkbench.integration",1453196432395
started,bundle,org.eclipse.wst.common.core,1.2.0.v200908252030,"org.eclipse.wst.common.core",1453196432420
started,bundle,org.eclipse.wst.common.modulecore,1.2.103.v201201190400,"org.eclipse.wst.common.modulecore",1453196432423
started,bundle,org.eclipse.jst.common.project.facet.core,1.4.200.v201103170302,"org.eclipse.jst.common.project.facet.core",1453196432457
started,bundle,org.eclipse.jst.ws.jaxrs.core,1.0.301.v201108240656,"org.eclipse.jst.ws.jaxrs.core",1453196432458
started,bundle,com.android.ide.eclipse.ndk,23.0.7.2120684,"com.android.ide.eclipse.ndk",1453196432486
deactivated,workbench,org.eclipse.ui.workbench,3.7.1.v20120104-1859,"",1453196447405
activated,workbench,org.eclipse.ui.workbench,3.7.1.v20120104-1859,"",1453196449270
activated,view,org.eclipse.ui.console,3.5.100.v20111007_r372,"org.eclipse.ui.console.ConsoleView",1453196462075
started,bundle,com.android.ide.eclipse.gldebugger,23.0.7.2120684,"com.android.ide.eclipse.gldebugger",1453196472976
opened,view,com.android.ide.eclipse.ddms,23.0.7.2120684,"com.android.ide.eclipse.ddms.views.DeviceView",1453196472989
opened,view,com.android.ide.eclipse.ddms,23.0.7.2120684,"com.android.ide.eclipse.ddms.views.ThreadView",1453196473037
activated,perspective,com.android.ide.eclipse.ddms,23.0.7.2120684,"com.android.ide.eclipse.ddms.Perspective",1453196473056
activated,view,com.android.ide.eclipse.ddms,23.0.7.2120684,"com.android.ide.eclipse.ddms.views.LogCatView",1453196473065
executed,command,org.eclipse.ui,3.7.0.v20110928-1505,"org.eclipse.ui.perspectives.showPerspective",1453196473084
executed,command,,,"com.android.ide.eclipse.ddms.Perspective",1453196473084
activated,view,com.android.ide.eclipse.ddms,23.0.7.2120684,"com.android.ide.eclipse.ddms.views.DeviceView",1453196473872
activated,perspective,org.eclipse.jdt.ui,3.7.2.v20120109-1427,"org.eclipse.jdt.ui.JavaPerspective",1453196475149
activated,view,com.android.ide.eclipse.ddms,23.0.7.2120684,"com.android.ide.eclipse.ddms.views.LogCatView",1453196475152
activated,perspective,com.android.ide.eclipse.ddms,23.0.7.2120684,"com.android.ide.eclipse.ddms.Perspective",1453196479366
activated,view,com.android.ide.eclipse.ddms,23.0.7.2120684,"com.android.ide.eclipse.ddms.views.DeviceView",1453196489569
activated,view,com.android.ide.eclipse.ddms,23.0.7.2120684,"com.android.ide.eclipse.ddms.views.LogCatView",1453196498407
activated,perspective,org.eclipse.jdt.ui,3.7.2.v20120109-1427,"org.eclipse.jdt.ui.JavaPerspective",1453196536363
deactivated,workbench,org.eclipse.ui.workbench,3.7.1.v20120104-1859,"",1453196615165
activated,workbench,org.eclipse.ui.workbench,3.7.1.v20120104-1859,"",1453196649366
deactivated,workbench,org.eclipse.ui.workbench,3.7.1.v20120104-1859,"",1453196649760
activated,workbench,org.eclipse.ui.workbench,3.7.1.v20120104-1859,"",1453196651006
deactivated,workbench,org.eclipse.ui.workbench,3.7.1.v20120104-1859,"",1453196651567
activated,workbench,org.eclipse.ui.workbench,3.7.1.v20120104-1859,"",1453196653034
deactivated,workbench,org.eclipse.ui.workbench,3.7.1.v20120104-1859,"",1453196653982
activated,workbench,org.eclipse.ui.workbench,3.7.1.v20120104-1859,"",1453196661642
activated,perspective,com.android.ide.eclipse.ddms,23.0.7.2120684,"com.android.ide.eclipse.ddms.Perspective",1453196664346
activated,view,org.eclipse.ui.console,3.5.100.v20111007_r372,"org.eclipse.ui.console.ConsoleView",1453196666029
activated,perspective,org.eclipse.jdt.ui,3.7.2.v20120109-1427,"org.eclipse.jdt.ui.JavaPerspective",1453196671032
activated,perspective,com.android.ide.eclipse.ddms,23.0.7.2120684,"com.android.ide.eclipse.ddms.Perspective",1453196671620
activated,view,com.android.ide.eclipse.ddms,23.0.7.2120684,"com.android.ide.eclipse.ddms.views.DeviceView",1453196679827
activated,perspective,org.eclipse.jdt.ui,3.7.2.v20120109-1427,"org.eclipse.jdt.ui.JavaPerspective",1453196684267
activated,view,org.eclipse.ui.console,3.5.100.v20111007_r372,"org.eclipse.ui.console.ConsoleView",1453196684271
started,bundle,org.eclipse.wst.xsl.debug.ui,1.0.200.v201101281837,"org.eclipse.wst.xsl.debug.ui",1453196685016
deactivated,workbench,org.eclipse.ui.workbench,3.7.1.v20120104-1859,"",1453196689829
activated,workbench,org.eclipse.ui.workbench,3.7.1.v20120104-1859,"",1453196692652
activated,view,com.android.ide.eclipse.ddms,23.0.7.2120684,"com.android.ide.eclipse.ddms.views.LogCatView",1453196704484
activated,view,org.eclipse.ui.console,3.5.100.v20111007_r372,"org.eclipse.ui.console.ConsoleView",1453196717921
activated,view,com.android.ide.eclipse.ddms,23.0.7.2120684,"com.android.ide.eclipse.ddms.views.LogCatView",1453196726591
activated,view,org.eclipse.mylyn.tasks.ui,3.6.5.v20120215-0100,"org.eclipse.mylyn.tasks.ui.views.tasks",1453196730839
activated,view,com.android.ide.eclipse.ddms,23.0.7.2120684,"com.android.ide.eclipse.ddms.views.LogCatView",1453196730848
activated,editor,org.eclipse.jdt.ui,3.7.2.v20120109-1427,"org.eclipse.jdt.ui.CompilationUnitEditor",1453196946700
deactivated,workbench,org.eclipse.ui.workbench,3.7.1.v20120104-1859,"",1453196951086
activated,workbench,org.eclipse.ui.workbench,3.7.1.v20120104-1859,"",1453196952783
closed,workbench,org.eclipse.ui.workbench,3.7.1.v20120104-1859,"",1453197125504
started,bundle,org.eclipse.compare,3.5.202.R37x_v20111109-0800,"org.eclipse.compare",1453197125860
stopped,bundle,org.eclipse.jst.ws.axis.creation.ui,1.0.700.v201104070312,"org.eclipse.jst.ws.axis.creation.ui",1453197126006
stopped,bundle,org.eclipse.jst.ws.axis.consumption.ui,1.0.505.v201004211805,"org.eclipse.jst.ws.axis.consumption.ui",1453197126006
stopped,bundle,org.eclipse.jst.ws.axis.consumption.core,1.0.407.v201104071820,"org.eclipse.jst.ws.axis.consumption.core",1453197126007
stopped,bundle,org.eclipse.jst.ws.axis2.creation.ui,1.0.104.v201004211805,"org.eclipse.jst.ws.axis2.creation.ui",1453197126008
stopped,bundle,org.eclipse.jst.ws.axis2.consumption.ui,1.0.103.v201004211805,"org.eclipse.jst.ws.axis2.consumption.ui",1453197126009
stopped,bundle,org.eclipse.jst.ws.axis2.creation.core,1.0.106.v201004211805,"org.eclipse.jst.ws.axis2.creation.core",1453197126009
stopped,bundle,org.eclipse.jst.ws.axis2.consumption.core,1.0.105.v201004211805,"org.eclipse.jst.ws.axis2.consumption.core",1453197126010
stopped,bundle,org.eclipse.jst.ws.axis2.ui,1.0.303.v201003110431,"org.eclipse.jst.ws.axis2.ui",1453197126011
stopped,bundle,org.eclipse.jst.ws.axis2.core,1.0.204.v201004211805,"org.eclipse.jst.ws.axis2.core",1453197126013
stopped,bundle,org.eclipse.jst.ws.cxf.creation.ui,1.0.100.v201104022153,"org.eclipse.jst.ws.cxf.creation.ui",1453197126013
stopped,bundle,org.eclipse.jst.ws.creation.ui,1.0.609.v201103082016,"org.eclipse.jst.ws.creation.ui",1453197126014
stopped,bundle,org.eclipse.jst.ws.cxf.consumption.ui,1.0.0.v201003222311,"org.eclipse.jst.ws.cxf.consumption.ui",1453197126014
stopped,bundle,org.eclipse.jst.ws.consumption.ui,1.1.402.v201201250306,"org.eclipse.jst.ws.consumption.ui",1453197126015
stopped,bundle,org.eclipse.jst.ws.consumption,1.0.603.v201202012024,"org.eclipse.jst.ws.consumption",1453197126016
stopped,bundle,org.eclipse.jst.ws.cxf.consumption.core,1.0.0.v201003222311,"org.eclipse.jst.ws.cxf.consumption.core",1453197126016
stopped,bundle,org.eclipse.jst.ws.cxf.creation.core,1.0.100.v201104022153,"org.eclipse.jst.ws.cxf.creation.core",1453197126017
stopped,bundle,org.eclipse.jst.ws.cxf.ui,1.0.0.v201004171919,"org.eclipse.jst.ws.cxf.ui",1453197126017
stopped,bundle,org.eclipse.jst.ws.cxf.core,1.0.100.v201104022153,"org.eclipse.jst.ws.cxf.core",1453197126018
stopped,bundle,org.eclipse.jst.ws.uddiregistry,1.0.500.v201004211805,"org.eclipse.jst.ws.uddiregistry",1453197126019
stopped,bundle,org.eclipse.jst.ws.ui,1.0.403.v201004211805,"org.eclipse.jst.ws.ui",1453197126019
stopped,bundle,org.eclipse.jst.ws,1.0.509.v201108250610,"org.eclipse.jst.ws",1453197126020
stopped,bundle,org.eclipse.wst.ws.explorer,1.0.607.v201103082002,"org.eclipse.wst.ws.explorer",1453197126021
stopped,bundle,org.eclipse.wst.wsdl.ui,1.2.403.v201108240515,"org.eclipse.wst.wsdl.ui",1453197126022
stopped,bundle,org.eclipse.wst.ws.ui,1.1.200.v201004211805,"org.eclipse.wst.ws.ui",1453197126022
stopped,bundle,org.eclipse.wst.wsi.ui,1.0.502.v201104071820,"org.eclipse.wst.wsi.ui",1453197126023
stopped,bundle,org.eclipse.wst.wsi,1.0.401.v201104071820,"org.eclipse.wst.wsi",1453197126023
stopped,bundle,org.eclipse.wst.ws,1.1.203.v201004211805,"org.eclipse.wst.ws",1453197126024
stopped,bundle,org.eclipse.jst.j2ee.webservice.ui,1.1.500.v201105122000,"org.eclipse.jst.j2ee.webservice.ui",1453197126024
stopped,bundle,org.eclipse.jst.j2ee.webservice,1.1.400.v201004110600,"org.eclipse.jst.j2ee.webservice",1453197126025
stopped,bundle,org.eclipse.wst.ws.parser,1.0.403.v201004211805,"org.eclipse.wst.ws.parser",1453197126026
stopped,bundle,org.eclipse.jst.ws.jaxws.ui,1.0.100.v201104032053,"org.eclipse.jst.ws.jaxws.ui",1453197126026
stopped,bundle,org.eclipse.jst.ws.jaxws.core,1.0.100.v201104031139,"org.eclipse.jst.ws.jaxws.core",1453197126027
stopped,bundle,org.eclipse.mylyn.bugzilla.ui,3.6.0.v20110608-1400,"org.eclipse.mylyn.bugzilla.ui",1453197126027
stopped,bundle,org.eclipse.mylyn.bugzilla.core,3.6.5.v20120123-0100,"org.eclipse.mylyn.bugzilla.core",1453197126027
stopped,bundle,org.eclipse.mylyn.commons.xmlrpc,3.6.0.v20110608-1400,"org.eclipse.mylyn.commons.xmlrpc",1453197126027
stopped,bundle,org.eclipse.datatools.enablement.oda.ws.ui,1.2.3.v201112061438,"org.eclipse.datatools.enablement.oda.ws.ui",1453197126028
stopped,bundle,org.eclipse.datatools.enablement.oda.ws,1.2.3.v201112061438,"org.eclipse.datatools.enablement.oda.ws",1453197126029
activated,perspective,org.eclipse.jdt.ui,,"org.eclipse.jdt.ui.JavaPerspective",1453197916384
started,bundle,org.eclipse.osgi,3.7.2.v20120110-1415,"org.eclipse.osgi",1453197916386
started,bundle,org.eclipse.equinox.simpleconfigurator,1.0.200.v20110815-1438,"org.eclipse.equinox.simpleconfigurator",1453197916386
started,bundle,com.ibm.icu,4.4.2.v20110823,"com.ibm.icu",1453197916387
started,bundle,org.eclipse.compare.core,3.5.200.I20110208-0800,"org.eclipse.compare.core",1453197916388
started,bundle,org.eclipse.core.contenttype,3.4.100.v20110423-0524,"org.eclipse.core.contenttype",1453197916388
started,bundle,org.eclipse.core.databinding.observable,1.4.0.I20110222-0800,"org.eclipse.core.databinding.observable",1453197916389
started,bundle,org.eclipse.core.expressions,3.4.300.v20110228,"org.eclipse.core.expressions",1453197916390
started,bundle,org.eclipse.core.filebuffers,3.5.200.v20110928-1504,"org.eclipse.core.filebuffers",1453197916390
started,bundle,org.eclipse.core.filesystem,1.3.100.v20110423-0524,"org.eclipse.core.filesystem",1453197916391
started,bundle,org.eclipse.core.jobs,3.5.101.v20120113-1953,"org.eclipse.core.jobs",1453197916392
started,bundle,org.eclipse.core.net,1.2.100.I20110511-0800,"org.eclipse.core.net",1453197916393
started,bundle,org.eclipse.core.resources,3.7.101.v20120125-1505,"org.eclipse.core.resources",1453197916393
started,bundle,org.eclipse.core.runtime,3.7.0.v20110110,"org.eclipse.core.runtime",1453197916394
started,bundle,org.eclipse.core.runtime.compatibility,3.2.100.v20100505,"org.eclipse.core.runtime.compatibility",1453197916394
started,bundle,org.eclipse.core.runtime.compatibility.auth,3.2.200.v20110110,"org.eclipse.core.runtime.compatibility.auth",1453197916395
started,bundle,org.eclipse.core.variables,3.2.500.v20110928-1503,"org.eclipse.core.variables",1453197916395
started,bundle,org.eclipse.debug.core,3.7.1.v20111129-2031,"org.eclipse.debug.core",1453197916396
started,bundle,org.eclipse.debug.ui,3.7.102.v20111129-1423_r372,"org.eclipse.debug.ui",1453197916397
started,bundle,org.eclipse.epp.mpc.ui,1.1.1.I20110907-0947,"org.eclipse.epp.mpc.ui",1453197916398
started,bundle,org.eclipse.epp.usagedata.gathering,1.3.1.R201106061540,"org.eclipse.epp.usagedata.gathering",1453197916398
started,bundle,org.eclipse.epp.usagedata.recording,1.3.1.R201106061540,"org.eclipse.epp.usagedata.recording",1453197916399
started,bundle,org.eclipse.equinox.app,1.3.100.v20110321,"org.eclipse.equinox.app",1453197916399
started,bundle,org.eclipse.equinox.common,3.6.0.v20110523,"org.eclipse.equinox.common",1453197916400
started,bundle,org.eclipse.equinox.ds,1.3.1.R37x_v20110701,"org.eclipse.equinox.ds",1453197916401
started,bundle,org.eclipse.equinox.event,1.2.100.v20110502,"org.eclipse.equinox.event",1453197916401
started,bundle,org.eclipse.equinox.p2.core,2.1.1.v20120113-1346,"org.eclipse.equinox.p2.core",1453197916402
started,bundle,org.eclipse.equinox.p2.directorywatcher,1.0.300.v20110815-1419,"org.eclipse.equinox.p2.directorywatcher",1453197916402
started,bundle,org.eclipse.equinox.p2.engine,2.1.1.R37x_v20111003,"org.eclipse.equinox.p2.engine",1453197916403
started,bundle,org.eclipse.equinox.p2.metadata,2.1.0.v20110815-1419,"org.eclipse.equinox.p2.metadata",1453197916404
started,bundle,org.eclipse.equinox.p2.metadata.repository,1.2.0.v20110815-1419,"org.eclipse.equinox.p2.metadata.repository",1453197916404
started,bundle,org.eclipse.equinox.p2.operations,2.1.1.R37x_v20111111,"org.eclipse.equinox.p2.operations",1453197916405
started,bundle,org.eclipse.equinox.p2.reconciler.dropins,1.1.100.v20110815-1419,"org.eclipse.equinox.p2.reconciler.dropins",1453197916406
started,bundle,org.eclipse.equinox.p2.repository,2.1.1.v20120113-1346,"org.eclipse.equinox.p2.repository",1453197916406
started,bundle,org.eclipse.equinox.p2.ui.sdk.scheduler,1.0.100.v20110815-1419,"org.eclipse.equinox.p2.ui.sdk.scheduler",1453197916407
started,bundle,org.eclipse.equinox.p2.updatechecker,1.1.200.v20110815-1419,"org.eclipse.equinox.p2.updatechecker",1453197916408
started,bundle,org.eclipse.equinox.preferences,3.4.2.v20120111-2020,"org.eclipse.equinox.preferences",1453197916408
started,bundle,org.eclipse.equinox.registry,3.5.101.R37x_v20110810-1611,"org.eclipse.equinox.registry",1453197916409
started,bundle,org.eclipse.equinox.security,1.1.1.R37x_v20110822-1018,"org.eclipse.equinox.security",1453197916410
started,bundle,org.eclipse.equinox.util,1.0.300.v20110502,"org.eclipse.equinox.util",1453197916411
started,bundle,org.eclipse.help,3.5.100.v20110426,"org.eclipse.help",1453197916411
started,bundle,org.eclipse.jdt.apt.core,3.3.500.v20110420-1015,"org.eclipse.jdt.apt.core",1453197916412
started,bundle,org.eclipse.jdt.apt.pluggable.core,1.0.400.v20110305-1450,"org.eclipse.jdt.apt.pluggable.core",1453197916413
started,bundle,org.eclipse.jdt.core,3.7.3.v20120119-1537,"org.eclipse.jdt.core",1453197916414
started,bundle,org.eclipse.jdt.core.manipulation,1.4.0.v20110928-1453,"org.eclipse.jdt.core.manipulation",1453197916414
started,bundle,org.eclipse.jdt.debug,3.7.1.v20111006_r372,"org.eclipse.jdt.debug",1453197916415
started,bundle,org.eclipse.jdt.debug.ui,3.6.1.v20111006_r372,"org.eclipse.jdt.debug.ui",1453197916415
started,bundle,org.eclipse.jdt.junit,3.7.0.v20110928-1453,"org.eclipse.jdt.junit",1453197916416
started,bundle,org.eclipse.jdt.launching,3.6.1.v20111006_r372,"org.eclipse.jdt.launching",1453197916417
started,bundle,org.eclipse.jdt.ui,3.7.2.v20120109-1427,"org.eclipse.jdt.ui",1453197916417
started,bundle,org.eclipse.jface,3.7.0.v20110928-1505,"org.eclipse.jface",1453197916418
started,bundle,org.eclipse.jsch.core,1.1.300.I20110514-0800,"org.eclipse.jsch.core",1453197916418
started,bundle,org.eclipse.jst.ws.jaxws.utils,1.0.100.v201201031437,"org.eclipse.jst.ws.jaxws.utils",1453197916419
started,bundle,org.eclipse.ltk.core.refactoring,3.5.201.r372_v20111101-0700,"org.eclipse.ltk.core.refactoring",1453197916420
started,bundle,org.eclipse.ltk.ui.refactoring,3.6.0.v20110928-1453,"org.eclipse.ltk.ui.refactoring",1453197916421
started,bundle,org.eclipse.mylyn.bugzilla.core,3.6.5.v20120123-0100,"org.eclipse.mylyn.bugzilla.core",1453197916422
started,bundle,org.eclipse.mylyn.bugzilla.ui,3.6.0.v20110608-1400,"org.eclipse.mylyn.bugzilla.ui",1453197916422
started,bundle,org.eclipse.mylyn.commons.identity,0.8.0.v20110608-1400,"org.eclipse.mylyn.commons.identity",1453197916423
started,bundle,org.eclipse.mylyn.commons.net,3.6.0.v20110608-1400,"org.eclipse.mylyn.commons.net",1453197916423
started,bundle,org.eclipse.mylyn.commons.ui,3.6.1.v20110720-0100,"org.eclipse.mylyn.commons.ui",1453197916424
started,bundle,org.eclipse.mylyn.context.core,3.6.1.v20110720-0100,"org.eclipse.mylyn.context.core",1453197916425
started,bundle,org.eclipse.mylyn.context.ui,3.6.1.v20120112-0100,"org.eclipse.mylyn.context.ui",1453197916425
started,bundle,org.eclipse.mylyn.monitor.ui,3.6.0.v20110608-1400,"org.eclipse.mylyn.monitor.ui",1453197916426
started,bundle,org.eclipse.mylyn.tasks.ui,3.6.5.v20120215-0100,"org.eclipse.mylyn.tasks.ui",1453197916427
started,bundle,org.eclipse.mylyn.team.ui,3.6.1.v20110825-0100,"org.eclipse.mylyn.team.ui",1453197916429
started,bundle,org.eclipse.pde.launching,3.6.0.v20110506,"org.eclipse.pde.launching",1453197916429
started,bundle,org.eclipse.pde.ui,3.6.100.v20120103_r372,"org.eclipse.pde.ui",1453197916432
started,bundle,org.eclipse.search,3.7.0.v20110928-1504,"org.eclipse.search",1453197916433
started,bundle,org.eclipse.team.core,3.6.0.I20110525-0800,"org.eclipse.team.core",1453197916433
started,bundle,org.eclipse.team.cvs.core,3.3.400.I20110510-0800,"org.eclipse.team.cvs.core",1453197916434
started,bundle,org.eclipse.team.cvs.ui,3.3.401.v20120126-1227,"org.eclipse.team.cvs.ui",1453197916435
started,bundle,org.eclipse.team.ui,3.6.101.R37x_v20111109-0800,"org.eclipse.team.ui",1453197916436
started,bundle,org.eclipse.ui,3.7.0.v20110928-1505,"org.eclipse.ui",1453197916437
started,bundle,org.eclipse.ui.console,3.5.100.v20111007_r372,"org.eclipse.ui.console",1453197916438
started,bundle,org.eclipse.ui.editors,3.7.0.v20110928-1504,"org.eclipse.ui.editors",1453197916438
started,bundle,org.eclipse.ui.forms,3.5.101.v20111011-1919,"org.eclipse.ui.forms",1453197916439
started,bundle,org.eclipse.ui.ide,3.7.0.v20110928-1505,"org.eclipse.ui.ide",1453197916440
started,bundle,org.eclipse.ui.navigator,3.5.101.v20120106-1355,"org.eclipse.ui.navigator",1453197916441
started,bundle,org.eclipse.ui.net,1.2.100.v20111208-1155,"org.eclipse.ui.net",1453197916441
started,bundle,org.eclipse.ui.views,3.6.0.v20110928-1505,"org.eclipse.ui.views",1453197916442
started,bundle,org.eclipse.ui.views.log,1.0.200.v20110404,"org.eclipse.ui.views.log",1453197916469
started,bundle,org.eclipse.ui.workbench,3.7.1.v20120104-1859,"org.eclipse.ui.workbench",1453197916469
started,bundle,org.eclipse.ui.workbench.texteditor,3.7.0.v20110928-1504,"org.eclipse.ui.workbench.texteditor",1453197916470
started,bundle,org.eclipse.update.configurator,3.3.100.v20100512,"org.eclipse.update.configurator",1453197916471
started,bundle,org.eclipse.update.core,3.2.500.v20110330,"org.eclipse.update.core",1453197916472
started,bundle,org.eclipse.update.scheduler,3.2.300.v20100512,"org.eclipse.update.scheduler",1453197916472
started,bundle,org.eclipse.wst.common.project.facet.core,1.4.201.v201201101553,"org.eclipse.wst.common.project.facet.core",1453197916473
started,bundle,org.eclipse.wst.web,1.1.501.v201201190400,"org.eclipse.wst.web",1453197916473
started,bundle,com.android.ide.eclipse.adt,23.0.7.2120684,"com.android.ide.eclipse.adt",1453197916473
started,bundle,com.android.ide.eclipse.base,23.0.7.2120684,"com.android.ide.eclipse.base",1453197916474
started,bundle,com.android.ide.eclipse.ddms,23.0.7.2120684,"com.android.ide.eclipse.ddms",1453197916474
started,bundle,com.android.ide.eclipse.traceview,23.0.7.2120684,"com.android.ide.eclipse.traceview",1453197916475
started,bundle,org.eclipse.cdt.codan.checkers,1.0.1.201202111925,"org.eclipse.cdt.codan.checkers",1453197916475
started,bundle,org.eclipse.cdt.codan.core,2.0.0.201202111925,"org.eclipse.cdt.codan.core",1453197916476
started,bundle,org.eclipse.cdt.codan.core.cxx,1.0.0.201202111925,"org.eclipse.cdt.codan.core.cxx",1453197916477
started,bundle,org.eclipse.cdt.codan.ui.cxx,2.0.0.201202111925,"org.eclipse.cdt.codan.ui.cxx",1453197916477
started,bundle,org.eclipse.cdt.core,5.3.2.201202111925,"org.eclipse.cdt.core",1453197916479
started,bundle,org.eclipse.cdt.dsf,2.2.0.201202111925,"org.eclipse.cdt.dsf",1453197916480
started,bundle,org.eclipse.cdt.dsf.gdb,4.0.2.201202111925,"org.eclipse.cdt.dsf.gdb",1453197916480
started,bundle,org.eclipse.cdt.dsf.gdb.ui,2.2.1.201202111925,"org.eclipse.cdt.dsf.gdb.ui",1453197916481
started,bundle,org.eclipse.cdt.make.core,7.1.2.201202111925,"org.eclipse.cdt.make.core",1453197916482
started,bundle,org.eclipse.cdt.make.ui,7.1.2.201202111925,"org.eclipse.cdt.make.ui",1453197916483
started,bundle,org.eclipse.cdt.managedbuilder.core,8.0.2.201202111925,"org.eclipse.cdt.managedbuilder.core",1453197916484
started,bundle,org.eclipse.cdt.ui,5.3.2.201202111925,"org.eclipse.cdt.ui",1453197916485
started,bundle,com.questoid.sqlitemanager,1.0.0,"com.questoid.sqlitemanager",1453197916485
os,sysinfo,,,"win32",1453197916489
arch,sysinfo,,,"x86",1453197916489
ws,sysinfo,,,"win32",1453197916489
locale,sysinfo,,,"en_US",1453197916489
processors,sysinfo,,,"4",1453197916489
java.runtime.name,sysinfo,,,"Java(TM) SE Runtime Environment",1453197916489
java.runtime.version,sysinfo,,,"1.8.0_65-b17",1453197916489
java.specification.name,sysinfo,,,"Java Platform API Specification",1453197916489
java.specification.vendor,sysinfo,,,"Oracle Corporation",1453197916489
java.specification.version,sysinfo,,,"1.8",1453197916489
java.vendor,sysinfo,,,"Oracle Corporation",1453197916489
java.version,sysinfo,,,"1.8.0_65",1453197916489
java.vm.info,sysinfo,,,"mixed mode",1453197916489
java.vm.name,sysinfo,,,"Java HotSpot(TM) Client VM",1453197916489
java.vm.specification.name,sysinfo,,,"Java Virtual Machine Specification",1453197916489
java.vm.specification.vendor,sysinfo,,,"Oracle Corporation",1453197916489
java.vm.specification.version,sysinfo,,,"1.8",1453197916489
java.vm.vendor,sysinfo,,,"Oracle Corporation",1453197916489
java.vm.version,sysinfo,,,"25.65-b01",1453197916489
deactivated,workbench,org.eclipse.ui.workbench,3.7.1.v20120104-1859,"",1453197924167
activated,workbench,org.eclipse.ui.workbench,3.7.1.v20120104-1859,"",1453198054195
activated,view,org.eclipse.jdt.ui,3.7.2.v20120109-1427,"org.eclipse.jdt.ui.PackageExplorer",1453198056672
started,bundle,org.eclipse.wst.sse.core,1.1.602.v201112071516,"org.eclipse.wst.sse.core",1453198056898
started,bundle,org.eclipse.wst.xsl.debug.ui,1.0.200.v201101281837,"org.eclipse.wst.xsl.debug.ui",1453198059550
deactivated,workbench,org.eclipse.ui.workbench,3.7.1.v20120104-1859,"",1453198071372
activated,workbench,org.eclipse.ui.workbench,3.7.1.v20120104-1859,"",1453198079127
activated,editor,org.eclipse.jdt.ui,3.7.2.v20120109-1427,"org.eclipse.jdt.ui.CompilationUnitEditor",1453198172413
executed,command,org.eclipse.ui,3.7.0.v20110928-1505,"org.eclipse.ui.edit.undo",1453198295678
deactivated,workbench,org.eclipse.ui.workbench,3.7.1.v20120104-1859,"",1453198298133
activated,workbench,org.eclipse.ui.workbench,3.7.1.v20120104-1859,"",1453198794698
deactivated,workbench,org.eclipse.ui.workbench,3.7.1.v20120104-1859,"",1453200070918
activated,workbench,org.eclipse.ui.workbench,3.7.1.v20120104-1859,"",1453200074268
deactivated,workbench,org.eclipse.ui.workbench,3.7.1.v20120104-1859,"",1453200074278
activated,workbench,org.eclipse.ui.workbench,3.7.1.v20120104-1859,"",1453200075843
activated,view,org.eclipse.jdt.ui,3.7.2.v20120109-1427,"org.eclipse.jdt.ui.PackageExplorer",1453200075875
started,bundle,org.eclipse.wst.sse.ui,1.3.2.v201201041522,"org.eclipse.wst.sse.ui",1453200076021
started,bundle,org.eclipse.wst.xml.core,1.1.602.v201201091944,"org.eclipse.wst.xml.core",1453200076094
started,bundle,org.eclipse.wst.common.uriresolver,1.1.401.v201004280700,"org.eclipse.wst.common.uriresolver",1453200076171
started,bundle,org.eclipse.wst.xml.ui,1.1.202.v201112071516,"org.eclipse.wst.xml.ui",1453200076232
started,bundle,org.eclipse.wst.xsl.core,1.1.100.v201102270516,"org.eclipse.wst.xsl.core",1453200076275
started,bundle,org.eclipse.wst.xsl.exslt.core,1.0.0.v201005240426,"org.eclipse.wst.xsl.exslt.core",1453200076276
started,bundle,org.eclipse.wst.validation,1.2.303.v201202090300,"org.eclipse.wst.validation",1453200076383
started,bundle,org.eclipse.jst.common.project.facet.core,1.4.200.v201103170302,"org.eclipse.jst.common.project.facet.core",1453200076421
started,bundle,org.eclipse.jst.ws.jaxrs.core,1.0.301.v201108240656,"org.eclipse.jst.ws.jaxrs.core",1453200076429
started,bundle,org.eclipse.wst.dtd.ui,1.0.600.v201103171359,"org.eclipse.wst.dtd.ui",1453200076469
